byline,headline
By MAGGIE HABERMAN 9:55 AM ET,Trump Fires His Campaign Chief in Pivot to General Race
By JONATHAN MAHLER and MATT FLEGENHEIMER,What Trump Learned From Joe McCarthy’s Top Aide
,"Clinton Seeks Running Mate to Click With Her, Not Compete"
By WILLIAM K. RASHBAUM and JOSEPH GOLDSTEIN 10:07 AM ET,3 New York Police Officials Arrested on Corruption Charges
By REBECCA R. RUIZ 11:08 AM ET,Senators Demand Explanation From Doping Agency
By SCOTT CACCIOLA,
,"Is This Heaven? No, It’s Cleveland 11:52 AM ET"
,Sports of The Times: James Makes N.B.A. History 8:13 AM ET
By ADEEL HASSAN,Your Monday Briefing
By KIT EATON,The Smartphone Way to Inner Calm
By AARON E. CARROLL,The Benefits of Exercise Explained
By NICHOLAS CASEY,Venezuelans Storm Stores as Hunger Grips the Nation
,Venezuela Casts a Long Shadow on Elections in Spain
By ADAM LIPTAK 9:36 AM ET,Justices Turn Away Challenge to Connecticut Gun Law
,Orlando Shooter Said U.S. Should ‘Stop Bombing’ Syria 12:53 PM ET
,4 Key Questions as Senate Considers New Gun Measures
"By SARAH ALMUKHTAR, TIM WALLACE and DEREK WATKINS",A Look at the Islamic State’s Victories and Losses
By THE NEW YORK TIMES,What Does the First Day of Summer Look Like?
,Ex-C.E.O. of Volkswagen Is Under Investigation 9:54 AM ET
,"Kabul Bombing Kills Security Contractors, Officials Say 12:18 PM ET"
,Dustin Johnson Wins U.S. Open Despite Controversy
,Brooklyn Residents Seek Answers for Killing
,TV Recaps: ‘Game of Thrones’  |  ‘Veep’  | ‘Silicon Valley’NYT Now
,Two Astonishing Views of O.J. Simpson
,"In Coral Spawning, Hope for Endangered Reefs"
,A Quest to Get Americans to Care About Rugby
By SEYED HOSSEIN MOUSAVIAN and REZA NASRI,Obama Needs to Protect the Iran Deal
,Editorial: The Broken Promise of Closing Guantánamo
,Blow: The G.O.P.’s Cynical Gay Ploy
,Cohen: Jo Cox and Britain’s Place in Europe 7:03 AM ET
,Krugman: A Tale of Two Parties
,Join us on Facebook »
By VIET THANH NGUYEN,The ‘American Tragedy’ of Vietnam
By BERT STRATTON,Cleveland Is Believeland
,Op-Ed: What the President Can’t Do for the Economy
,What Sent a Reporter Back to First Grade — Even During Maternity Leave
,Watch The Orlando Shooting Story Take Shape
,What Sent a Reporter Back to First Grade — Even During Maternity Leave
,Play Today’s Puzzle
,Play Today’s Puzzle
,Hockey Problems
,"Decades Later, Hydrogen Bomb’s Damage Lingers"
,The Stone: The Violence of Forgetting
,What Sent a Reporter Back to First Grade
,Consequences of a Brexit
,Finding Beauty in the Ordinary
,Not Forgotten: Anderson Cooper on His Father
,The Sisterhood of Political Progeny
,Op-Ed: The ‘American Tragedy’ of Vietnam
,GIF Shows Evolution of Orlando Breaking News
,Op-Ed: Obama Needs to Protect the Iran Deal
,The Sound of Music Is in His Heart
,The Law School Bust
,E.U. Countries Warn Britain on ‘Brexit’: You’ll Pay if You Leave Us
,Anti-Immigration Poster Denounced by a Top ‘Brexit’ Advocate
,Midday Report: Wall St. Rises as Fears of a ‘Brexit’ Ease
,"Martin Winterkorn, Ex-C.E.O. of Volkswagen, Is Under Investigation"
,Editorial: Heading Off the Next Extremist
,Frank Bruni: The Republicans’ Big Hot Mess
,Orlando Gunman Told Police That U.S. Should ‘Stop Bombing’ Syria and Iraq
,4 Key Questions as Senate Considers New Gun Safety Measures
,"Airbnb Vows to Fight Racism, but Its Users Can’t Sue to Prompt Fairness"
,Europe’s Emergency Workers Turn to Drones to Save Lives
,"‘Made in L.A.,’ at the Hammer, Excavates Hollywood’s Past"
,"Books of The Times: Review: Natashia Deón’s ‘Grace,’ a Tale of Slavery, Its Ghosts and Legacy"
,"Donald Trump Fires Corey Lewandowski, His Campaign Manager"
,Donald Trump’s June Stumbles Mirror Those of Mitt Romney
,A Face in the Crowd at Moncler Gamme Bleu: Big Sean
,"Table for Three: Cecile Richards, Barbara Bush and the Sisterhood of Political Progeny"
,"Anton Yelchin, ‘Star Trek’ Actor, Dies at 27"
,‘Finding Dory’ Sets Box Office Record for Pixar
,3 N.Y.P.D. Commanders Are Arrested on Corruption Charges
,Yearbook Project Collects Stories of Children Killed in Shootings
,Sports of The Times: A Long-Sought Title Belongs to LeBron James
,Cleveland Finally Won a Title. What’s the Most Cursed Sports City Now?
,Barbara Cook on Life Before and After Sobriety
,Leslie Odom Jr. to Leave ‘Hamilton’ on July 9
,An Unwelcome Tourist Arrives in New Jersey: Clinging Jellyfish
,ScienceTake: The Grackle’s Secret to Success
,"Prince Be, Who Infused Rap With Mysticism, Dies at 46"
,"Donald Shea, Officer Who Captured Infamous Bank Robber, Dies at 90"
,"Review: In ‘Suited,’ Searching for Clothes That Truly Fit"
,"Anton Yelchin, ‘Star Trek’ Actor, Dies at 27"
,Personal Health: No Such Thing as a Healthy Smoker
,Food Banks Take on a Contributor to Diabetes: Themselves
,4 Roller Coasters That Put the Theme in Theme Park
,Carry-On: What David Sedaris Can’t Travel Without
,"Books of The Times: Review: Natashia Deón’s ‘Grace,’ a Tale of Slavery, Its Ghosts and Legacy"
,Nonfiction: Susan Faludi’s ‘In the Darkroom’
,"An Expensive Law Degree, and No Place to Use It"
,"Race/Related: Moving to Make Amends, Georgetown President Meets With Descendant of Slaves"
,"City Kitchen: A Creamy, Sweet Tribute to Summer"
,"A Good Appetite: Hot Honey Shrimp Is Spicy, Sweet and Speedy"
,Opinion: Donald Trump’s Place
,Editorial: Heading Off the Next Extremist
,Checklist for Winning a Bidding War
,"What I Love: John Leguizamo’s Walls May Talk, but They Don’t Criticize"
,"The 2016 Race: Yes, Political Ads Are Still Important, Even for Donald Trump"
,"The New Health Care: Why You Should Exercise (No, Not to Lose Weight)"
,Feature: Can Netflix Survive in the New World It Created?
,Notebook: Why ‘Transcending Race’ Is a Lie
,Driven: Mazda’s CX-9: A Crossover That’s a Treat for Parents
,Wheels: Skeptics of Self-Driving Cars Span Generations
,15 Minutes With Ai Weiwei
,Men’s Fashion Shows: Raf Simons in Florence
,"Tune In to The Times: The Times on the Air: Terrorism, Trump and Trolls"
,Looking Back: 1948-2016 | A Times Art Treasure Comes to an Omaha Library
By LISA PREVOST,Checklist for Winning a Bidding War
,Search for Homes for Sale or Rent
,Sell Your Home
By JOANNE KAUFMAN,"John Leguizamo’s Walls May Talk, but They Don’t Criticize"
