,byline,headline
0,By MAGGIE HABERMAN 9:55 AM ET,Trump Fires His Campaign Chief in Pivot to General Race
1,By JONATHAN MAHLER and MATT FLEGENHEIMER,What Trump Learned From Joe McCarthy’s Top Aide
2,,"Clinton Seeks Running Mate to Click With Her, Not Compete"
3,By WILLIAM K. RASHBAUM and JOSEPH GOLDSTEIN 10:07 AM ET,3 New York Police Officials Arrested on Corruption Charges
4,By REBECCA R. RUIZ 11:08 AM ET,Senators Demand Explanation From Doping Agency
5,By SCOTT CACCIOLA,
6,,"Is This Heaven? No, It’s Cleveland 11:52 AM ET"
7,,Sports of The Times: James Makes N.B.A. History 8:13 AM ET
8,By ADEEL HASSAN,Your Monday Briefing
9,By KIT EATON,The Smartphone Way to Inner Calm
10,By AARON E. CARROLL,The Benefits of Exercise Explained
11,By NICHOLAS CASEY,Venezuelans Storm Stores as Hunger Grips the Nation
12,,Venezuela Casts a Long Shadow on Elections in Spain
13,By ADAM LIPTAK 9:36 AM ET,Justices Turn Away Challenge to Connecticut Gun Law
14,,Orlando Shooter Said U.S. Should ‘Stop Bombing’ Syria 12:53 PM ET
15,,4 Key Questions as Senate Considers New Gun Measures
16,"By SARAH ALMUKHTAR, TIM WALLACE and DEREK WATKINS",A Look at the Islamic State’s Victories and Losses
17,By THE NEW YORK TIMES,What Does the First Day of Summer Look Like?
18,,Ex-C.E.O. of Volkswagen Is Under Investigation 9:54 AM ET
19,,"Kabul Bombing Kills Security Contractors, Officials Say 12:18 PM ET"
20,,Dustin Johnson Wins U.S. Open Despite Controversy
21,,Brooklyn Residents Seek Answers for Killing
22,,TV Recaps: ‘Game of Thrones’  |  ‘Veep’  | ‘Silicon Valley’NYT Now
23,,Two Astonishing Views of O.J. Simpson
24,,"In Coral Spawning, Hope for Endangered Reefs"
25,,A Quest to Get Americans to Care About Rugby
26,By SEYED HOSSEIN MOUSAVIAN and REZA NASRI,Obama Needs to Protect the Iran Deal
27,,Editorial: The Broken Promise of Closing Guantánamo
28,,Blow: The G.O.P.’s Cynical Gay Ploy
29,,Cohen: Jo Cox and Britain’s Place in Europe 7:03 AM ET
30,,Krugman: A Tale of Two Parties
31,,Join us on Facebook »
32,By VIET THANH NGUYEN,The ‘American Tragedy’ of Vietnam
33,By BERT STRATTON,Cleveland Is Believeland
34,,Op-Ed: What the President Can’t Do for the Economy
35,,What Sent a Reporter Back to First Grade — Even During Maternity Leave
36,,Watch The Orlando Shooting Story Take Shape
37,,What Sent a Reporter Back to First Grade — Even During Maternity Leave
38,,Play Today’s Puzzle
39,,Play Today’s Puzzle
40,,Hockey Problems
41,,"Decades Later, Hydrogen Bomb’s Damage Lingers"
42,,The Stone: The Violence of Forgetting
43,,What Sent a Reporter Back to First Grade
44,,Consequences of a Brexit
45,,Finding Beauty in the Ordinary
46,,Not Forgotten: Anderson Cooper on His Father
47,,The Sisterhood of Political Progeny
48,,Op-Ed: The ‘American Tragedy’ of Vietnam
49,,GIF Shows Evolution of Orlando Breaking News
50,,Op-Ed: Obama Needs to Protect the Iran Deal
51,,The Sound of Music Is in His Heart
52,,The Law School Bust
53,,E.U. Countries Warn Britain on ‘Brexit’: You’ll Pay if You Leave Us
54,,Anti-Immigration Poster Denounced by a Top ‘Brexit’ Advocate
55,,Midday Report: Wall St. Rises as Fears of a ‘Brexit’ Ease
56,,"Martin Winterkorn, Ex-C.E.O. of Volkswagen, Is Under Investigation"
57,,Editorial: Heading Off the Next Extremist
58,,Frank Bruni: The Republicans’ Big Hot Mess
59,,Orlando Gunman Told Police That U.S. Should ‘Stop Bombing’ Syria and Iraq
60,,4 Key Questions as Senate Considers New Gun Safety Measures
61,,"Airbnb Vows to Fight Racism, but Its Users Can’t Sue to Prompt Fairness"
62,,Europe’s Emergency Workers Turn to Drones to Save Lives
63,,"‘Made in L.A.,’ at the Hammer, Excavates Hollywood’s Past"
64,,"Books of The Times: Review: Natashia Deón’s ‘Grace,’ a Tale of Slavery, Its Ghosts and Legacy"
65,,"Donald Trump Fires Corey Lewandowski, His Campaign Manager"
66,,Donald Trump’s June Stumbles Mirror Those of Mitt Romney
67,,A Face in the Crowd at Moncler Gamme Bleu: Big Sean
68,,"Table for Three: Cecile Richards, Barbara Bush and the Sisterhood of Political Progeny"
69,,"Anton Yelchin, ‘Star Trek’ Actor, Dies at 27"
70,,‘Finding Dory’ Sets Box Office Record for Pixar
71,,3 N.Y.P.D. Commanders Are Arrested on Corruption Charges
72,,Yearbook Project Collects Stories of Children Killed in Shootings
73,,Sports of The Times: A Long-Sought Title Belongs to LeBron James
74,,Cleveland Finally Won a Title. What’s the Most Cursed Sports City Now?
75,,Barbara Cook on Life Before and After Sobriety
76,,Leslie Odom Jr. to Leave ‘Hamilton’ on July 9
77,,An Unwelcome Tourist Arrives in New Jersey: Clinging Jellyfish
78,,ScienceTake: The Grackle’s Secret to Success
79,,"Prince Be, Who Infused Rap With Mysticism, Dies at 46"
80,,"Donald Shea, Officer Who Captured Infamous Bank Robber, Dies at 90"
81,,"Review: In ‘Suited,’ Searching for Clothes That Truly Fit"
82,,"Anton Yelchin, ‘Star Trek’ Actor, Dies at 27"
83,,Personal Health: No Such Thing as a Healthy Smoker
84,,Food Banks Take on a Contributor to Diabetes: Themselves
85,,4 Roller Coasters That Put the Theme in Theme Park
86,,Carry-On: What David Sedaris Can’t Travel Without
87,,"Books of The Times: Review: Natashia Deón’s ‘Grace,’ a Tale of Slavery, Its Ghosts and Legacy"
88,,Nonfiction: Susan Faludi’s ‘In the Darkroom’
89,,"An Expensive Law Degree, and No Place to Use It"
90,,"Race/Related: Moving to Make Amends, Georgetown President Meets With Descendant of Slaves"
91,,"City Kitchen: A Creamy, Sweet Tribute to Summer"
92,,"A Good Appetite: Hot Honey Shrimp Is Spicy, Sweet and Speedy"
93,,Opinion: Donald Trump’s Place
94,,Editorial: Heading Off the Next Extremist
95,,Checklist for Winning a Bidding War
96,,"What I Love: John Leguizamo’s Walls May Talk, but They Don’t Criticize"
97,,"The 2016 Race: Yes, Political Ads Are Still Important, Even for Donald Trump"
98,,"The New Health Care: Why You Should Exercise (No, Not to Lose Weight)"
99,,Feature: Can Netflix Survive in the New World It Created?
100,,Notebook: Why ‘Transcending Race’ Is a Lie
101,,Driven: Mazda’s CX-9: A Crossover That’s a Treat for Parents
102,,Wheels: Skeptics of Self-Driving Cars Span Generations
103,,15 Minutes With Ai Weiwei
104,,Men’s Fashion Shows: Raf Simons in Florence
105,,"Tune In to The Times: The Times on the Air: Terrorism, Trump and Trolls"
106,,Looking Back: 1948-2016 | A Times Art Treasure Comes to an Omaha Library
107,By LISA PREVOST,Checklist for Winning a Bidding War
108,,Search for Homes for Sale or Rent
109,,Sell Your Home
110,By JOANNE KAUFMAN,"John Leguizamo’s Walls May Talk, but They Don’t Criticize"
