URL,subreddit,time,title,votes
http://imgur.com/a/bwTqG,/r/aww,2016-06-30T19:46:44+00:00,How to stay cool this Summer,0
http://imgur.com/VCe1OQA,/r/aww,2016-06-30T19:47:38+00:00,My new 4 MO foster pupper. Name suggestions and breed guesses welcome! (crossposted on /r/idmydog) https://imgur.com/gallery/qdhZh,0
https://soundcloud.com/ebdot/with-me-prod-b-james,/r/Music,2016-06-30T19:48:07+00:00,Eugene Bdot - With Me [Hip-Hop],0
/r/Showerthoughts/comments/4qnlxu/when_anything_is_moving_there_is_a_moment_when/,/r/Showerthoughts,2016-06-30T19:47:44+00:00,"When anything is moving, there is a moment when that object will be at a precise location it can't be set to.",0
http://imgur.com/T0IwPUa,/r/mildlyinteresting,2016-06-30T19:42:31+00:00,These resealable bags came in a resealable bag,0
http://i.imgur.com/dzaJiay.jpg,/r/aww,2016-06-30T19:45:33+00:00,"Meet Veruca - she's red/white and ""bratty for daddy""",0
/r/tifu/comments/4qnljz/tifu_by_breaking_into_my_friends_house/,/r/tifu,2016-06-30T19:45:28+00:00,TIFU by breaking into my friend's house,0
https://i.reddituploads.com/7cc9db7b5a614a399843b8bf542abede?fit=max&h=1536&w=1536&s=d84c5b2920c0aeecfdcf911f6b556d53,/r/mildlyinteresting,2016-06-30T19:42:13+00:00,This sheet of notebook paper came upside down.,0
/r/personalfinance/comments/4qnlge/i_have_us_3000_in_a_us_checking_account_but_i/,/r/personalfinance,2016-06-30T19:44:54+00:00,"I have US$ 3000 in a U.S. checking account, but I don't live there anymore. How could I invest it?",0
/r/Showerthoughts/comments/4qme47/microwave_ovens_need_a_midnight_snack_button_that/,/r/Showerthoughts,2016-06-30T15:53:21+00:00,Microwave ovens need a 'Midnight Snack' button that disables the dings and beeps.,4415
http://imgur.com/7cWmfxU,/r/mildlyinteresting,2016-06-30T15:25:24+00:00,"My can of spray sealant leaked, then sealed itself.",4613
http://i.imgur.com/i3XneMt.gifv,/r/gifs,2016-06-30T13:37:31+00:00,Do cows get excited?,5681
http://imgur.com/inia1oA,/r/funny,2016-06-30T14:11:08+00:00,Every few years Tom Hanks plays a slightly more serious Captain.,4602
http://www.theinertia.com/health/heres-a-company-growing-real-meat-from-stem-cells/,/r/Futurology,2016-06-30T15:13:31+00:00,"The company “Memphis Meats” has successfully grown real, authentic tasting meat from animal stem cells.",3696
http://www.foxcarolina.com/story/32308903/deputies-police-investigating-nightclub-shooting,/r/news,2016-06-30T14:45:26+00:00,Night club shooting in SC after dispute; lawful concealed carrier draws firearm and stops shooter,3923
http://imgur.com/rk0kTW9,/r/GetMotivated,2016-06-30T12:53:13+00:00,[image] Don't cling to past mistakes,5348
http://i.imgur.com/nrS7U5d.gifv,/r/aww,2016-06-30T12:21:21+00:00,Instant Regret trying to catch that tail,6082
https://m.youtube.com/watch?v=CO6qLC4cL8E,/r/movies,2016-06-30T13:12:03+00:00,"Why Him - Official Red Band Trailer - Bryan Cranston, James Franco",3907
/r/Jokes/comments/4qlu0w/dead_again/,/r/Jokes,2016-06-30T14:06:14+00:00,Dead again..,3117
http://www.theguardian.com/politics/live/2016/jun/30/brexit-live-theresa-may-and-boris-johnson-set-to-announce-leadership-bids?CMP=twt_gu,/r/worldnews,2016-06-30T10:58:04+00:00,Boris Johnson says he will not run for Tory party leadership,5509
http://imgur.com/J4V33lU,/r/gaming,2016-06-30T10:35:23+00:00,Good Guy Dead Space,5291
/r/personalfinance/comments/4qlr51/my_employer_requires_me_to_stay_after_close_to/,/r/personalfinance,2016-06-30T13:49:15+00:00,"My employer requires me to stay after close to lock up, count drawers, etc. but says she isn't required to pay me for that time spent? Help?",2728
http://i.imgur.com/gLeEN4z.png,/r/creepy,2016-06-30T13:29:52+00:00,Terrors of the Deep by Bacius9,2841
http://www.nj.com/camden/index.ssf/2016/06/teacher_who_suggested_he_student_get_baked_to_lose.html#incart_river_home,/r/nottheonion,2016-06-30T15:58:18+00:00,Teacher who wanted to 'get baked' with 'hot' students losing job,1800
http://i.imgur.com/2gV4Utu.jpg,/r/Art,2016-06-30T16:11:22+00:00,Pencil Color Eagle By Katy Lipscomb - 2015,1670
https://www.bookspring.org/2016/03/troubling-study-reading-aloud/,/r/books,2016-06-30T12:00:31+00:00,"New report shows that fewer than half (46%) of parents read aloud to their children every day, and only 34% do so for at least 15 minutes",3523
http://i.imgur.com/kQiPDqt.jpg,/r/photoshopbattles,2016-06-30T11:42:22+00:00,PsBattle: Cyclist says hi to Boris Johnson,3279
/r/askscience/comments/4ql6ak/askscience_ama_im_professor_brian_hare_a_pioneer/,/r/askscience,2016-06-30T11:33:16+00:00,"AskScience AMA: I’m Professor Brian Hare, a pioneer of canine cognition research, here to discuss the inner workings of a dog’s brain, including how they see the world and the cognitive skills that influence your dog's personality and behavior. AMA!",3386
http://espn.go.com/espnw/culture/feature/article/16593240/paulette-leaphart-walked-topless-biloxi-washington-talk-realities-cancer-survivors,/r/TwoXChromosomes,2016-06-30T13:11:22+00:00,"A breast cancer survivor walked topless from Mississippi to DC. Screw pink ribbons. This is real breast cancer ""awareness""",2338
https://en.wikipedia.org/wiki/Tilly_Smith,/r/todayilearned,2016-06-30T09:48:40+00:00,TIL a 10 year old British girl saved nearly a hundred foreign tourists at Maikhao Beach in Thailand by warning beachgoers minutes before the arrival of the 2004 Indian Ocean earthquake tsunami. She learned about tsunamis in school just two weeks prior to the event.,4152
/r/OldSchoolCool/comments/4qlnjv/on_the_way_to_the_summer_jam_at_watkins_glen_ny/,/r/OldSchoolCool,2016-06-30T13:28:02+00:00,On the way to the Summer Jam at Watkins Glen NY in 1973.,2044
https://www.youtube.com/watch?v=m8ft15cTCIk,/r/videos,2016-06-30T08:19:40+00:00,How to get a baby to clean the house,5046
http://i.imgur.com/vep0rpK.png,/r/space,2016-06-30T06:16:27+00:00,"I looked up the Mars rover's odometer out of curiosity and was a bit surprised by the results. Here's an overlay of its Martian journey between August 2012 and June 2016, superimposed on Earth.",5683
